{
    "app_factorial": {
        "j9": {
            "argString": "6000", 
            "elapsed": 14.214838, 
            "footprint": [
                10.80078125, 
                43.90625, 
                56.04296875, 
                63.73828125, 
                75.734375, 
                135.10546875, 
                98.31640625, 
                98.31640625
            ], 
            "maxMem": 135.10546875, 
            "status": 0, 
            "timestamp": "Tue, 03 Nov 2015 02:12:01 +0000"
        }, 
        "myj9": {
            "argString": "6000", 
            "elapsed": 15.102703, 
            "footprint": [
                10.80078125, 
                41.6796875, 
                56.25, 
                63.64453125, 
                83.9453125, 
                86.03515625, 
                118.515625, 
                112.1875
            ], 
            "maxMem": 118.515625, 
            "status": 0, 
            "timestamp": "Tue, 03 Nov 2015 02:12:09 +0000"
        }
    }, 
    "app_fib": {
        "j9": {
            "argString": "1", 
            "elapsed": 17.397355000000001, 
            "footprint": [
                10.8046875, 
                41.46484375, 
                71.48828125, 
                70.859375, 
                131.58984375, 
                70.953125, 
                70.95703125, 
                70.95703125, 
                71.09765625, 
                71.09765625, 
                71.09765625, 
                71.09765625
            ], 
            "maxMem": 131.58984375, 
            "status": 0, 
            "timestamp": "Tue, 03 Nov 2015 02:11:49 +0000"
        }, 
        "myj9": {
            "argString": "1", 
            "elapsed": 17.117397, 
            "footprint": [
                10.80078125, 
                41.9453125, 
                56.53125, 
                69.8203125, 
                131.21875, 
                69.8125, 
                69.81640625, 
                69.81640625, 
                69.90625, 
                69.90625, 
                69.90625, 
                69.90625
            ], 
            "maxMem": 131.21875, 
            "status": 0, 
            "timestamp": "Tue, 03 Nov 2015 02:12:17 +0000"
        }
    }
}